{
    "f1_macro": 0.8834267912481488,
    "accuracy": 0.8959854014598541,
    "f1_weighted": 0.8941349763797416,
    "precision_macro": 0.8903276020581024,
    "recall_macro": 0.8795323980433647,
    "f1_Blurry": 0.8199052132701422,
    "precision_Blurry": 0.865,
    "recall_Blurry": 0.7792792792792793,
    "f1_Good": 0.9359129383313181,
    "precision_Good": 0.9170616113744076,
    "recall_Good": 0.9555555555555556,
    "f1_Opaque": 0.8465346534653465,
    "precision_Opaque": 0.8860103626943006,
    "recall_Opaque": 0.8104265402843602,
    "f1_Yellow": 0.9313543599257885,
    "precision_Yellow": 0.8932384341637011,
    "recall_Yellow": 0.9728682170542635
}