{
    "accuracy": 0.8968978102189781,
    "f1_macro": 0.88319090844736,
    "f1_weighted": 0.894735102753204,
    "precision_macro": 0.8909398597276448,
    "recall_macro": 0.8782904372832364,
    "f1_Blurry": 0.8019323671497585,
    "precision_Blurry": 0.8645833333333334,
    "recall_Blurry": 0.7477477477477478,
    "f1_Good": 0.9344457687723481,
    "precision_Good": 0.9032258064516129,
    "recall_Good": 0.9679012345679012,
    "f1_Opaque": 0.8365384615384616,
    "precision_Opaque": 0.848780487804878,
    "recall_Opaque": 0.8246445497630331,
    "f1_Yellow": 0.9598470363288719,
    "precision_Yellow": 0.9471698113207547,
    "recall_Yellow": 0.9728682170542635
}