{
    "f1": 0.9038422396171468,
    "params": {
        "lr": 0.0010915660278912984,
        "weight_decay": 0.06332487211326991,
        "dropout": 0.5992062925899448,
        "focal_gamma": 1.4905167440097435,
        "label_smoothing": 0.09414428021554277,
        "backbone_lr_ratio": 0.2159851883104212,
        "mixup_alpha": 0.2620760362818748,
        "cutmix_prob": 0.23444949372602195,
        "hidden_size": 1024
    }
}