{
    "f1": 0.8908503256280724,
    "params": {
        "lr": 0.00048405480969545563,
        "weight_decay": 0.043211958008344785,
        "dropout": 0.5571398437847817,
        "focal_gamma": 1.83113749838529,
        "label_smoothing": 0.11155954800699658,
        "backbone_lr_ratio": 0.1996744699657122,
        "mixup_alpha": 0.3371528676561022,
        "cutmix_prob": 0.25568269163734547,
        "hidden_size": 2048
    }
}