{
    "accuracy": 0.8321167883211679,
    "f1_macro": 0.8194031174927343,
    "f1_weighted": 0.8299795888648112,
    "precision_macro": 0.8249696767627317,
    "recall_macro": 0.8206642109981689,
    "f1_Blurry": 0.7231121281464531,
    "precision_Blurry": 0.7348837209302326,
    "recall_Blurry": 0.7117117117117117,
    "f1_Good": 0.8668341708542714,
    "precision_Good": 0.8823529411764706,
    "recall_Good": 0.8518518518518519,
    "f1_Opaque": 0.7948717948717948,
    "precision_Opaque": 0.8659217877094972,
    "recall_Opaque": 0.7345971563981043,
    "f1_Yellow": 0.8927943760984183,
    "precision_Yellow": 0.8167202572347267,
    "recall_Yellow": 0.9844961240310077
}