{
    "f1_macro": 0.8767747247675154,
    "accuracy": 0.8877737226277372,
    "f1_weighted": 0.8854963035769309,
    "precision_macro": 0.8873943373001248,
    "recall_macro": 0.8716456564577362,
    "f1_Blurry": 0.8066825775656324,
    "precision_Blurry": 0.8578680203045685,
    "recall_Blurry": 0.7612612612612613,
    "f1_Good": 0.9169675090252708,
    "precision_Good": 0.8943661971830986,
    "recall_Good": 0.9407407407407408,
    "f1_Opaque": 0.8527918781725888,
    "precision_Opaque": 0.9180327868852459,
    "recall_Opaque": 0.7962085308056872,
    "f1_Yellow": 0.9306569343065694,
    "precision_Yellow": 0.8793103448275862,
    "recall_Yellow": 0.9883720930232558
}