{
    "f1_macro": 0.8945835384222215,
    "accuracy": 0.9041970802919708,
    "f1_weighted": 0.9023729067563894,
    "precision_macro": 0.9076162793356632,
    "recall_macro": 0.8861487125466332,
    "f1_Blurry": 0.8361858190709046,
    "precision_Blurry": 0.9144385026737968,
    "recall_Blurry": 0.7702702702702703,
    "f1_Good": 0.9308323563892146,
    "precision_Good": 0.8861607142857143,
    "recall_Good": 0.980246913580247,
    "f1_Opaque": 0.8710462287104623,
    "precision_Opaque": 0.895,
    "recall_Opaque": 0.8483412322274881,
    "f1_Yellow": 0.9402697495183044,
    "precision_Yellow": 0.9348659003831418,
    "recall_Yellow": 0.9457364341085271
}